{"backedUpFiles":["/sdcard/FIRST/blocks/IntakeOuttakeTOM.blk","/sdcard/FIRST/blocks/IntakeOuttakeTOM.js","/sdcard/FIRST/blocks/Drive.js","/sdcard/FIRST/blocks/BottomAOM.js","/sdcard/FIRST/blocks/Drive.blk","/sdcard/FIRST/blocks/ShootAOM.blk","/sdcard/FIRST/blocks/servo test.blk","/sdcard/FIRST/blocks/12b. Bottom to Up.js","/sdcard/FIRST/blocks/12b.d25 Bottom to Up.blk","/sdcard/FIRST/blocks/TankDrive.blk","/sdcard/FIRST/blocks/servo test.js","/sdcard/FIRST/blocks/BottomAOM.blk","/sdcard/FIRST/blocks/GameDrive.js","/sdcard/FIRST/blocks/ShootAOM.js","/sdcard/FIRST/blocks/1a. Bottom Left to Left.blk","/sdcard/FIRST/blocks/1a. Bottom Left to Left.js","/sdcard/FIRST/blocks/TankDrive.js","/sdcard/FIRST/blocks/2a. Bottom Right to Right.js","/sdcard/FIRST/blocks/1a.d25 Bottom Left to Left.blk","/sdcard/FIRST/blocks/1a.d25 Bottom Left to Left.js","/sdcard/FIRST/blocks/12b. Bottom to Up.blk","/sdcard/FIRST/blocks/2a.d25 Bottom Right to Right.blk","/sdcard/FIRST/blocks/2a.d25 Bottom Right to Right.js","/sdcard/FIRST/blocks/12b.d25 Bottom to Up.js","/sdcard/FIRST/blocks/2a. Bottom Right to Right.blk","/sdcard/FIRST/blocks/3a. Top Right to Down.js","/sdcard/FIRST/blocks/4a.d25 Top Left to Down.blk","/sdcard/FIRST/blocks/4a.d25 Top Left to Down.js","/sdcard/FIRST/blocks/3a. Top Right to Down.blk","/sdcard/FIRST/blocks/GameDrive.blk","/sdcard/FIRST/blocks/3a.d25 Top Right to Down.blk","/sdcard/FIRST/blocks/3a.d25 Top Right to Down.js","/sdcard/FIRST/blocks/4a. Top Left to Down.blk","/sdcard/FIRST/blocks/4a. Top Left to Down.js","/sdcard/FIRST/blocks/3b. Top Right to Down + Score 3.blk","/sdcard/FIRST/blocks/3b. Top Right to Down + Score 3.js","/sdcard/FIRST/java/src/org/firstinspires/ftc/teamcode/PowerChanging.java","/sdcard/FIRST/Drive.xml"],"deviceName":"Control Hub 24409-RC","modifiedTimes":[{"fileName":"/sdcard/FIRST/blocks/IntakeOuttakeTOM.blk","time":"Fri Dec 12 22:12:55 PST 2025"},{"fileName":"/sdcard/FIRST/blocks/IntakeOuttakeTOM.js","time":"Wed Dec 10 15:48:26 PST 2025"},{"fileName":"/sdcard/FIRST/blocks/Drive.blk","time":"Sat Dec 13 10:43:06 PST 2025"},{"fileName":"/sdcard/FIRST/blocks/Drive.js","time":"Sat Dec 13 10:43:06 PST 2025"},{"fileName":"/sdcard/FIRST/blocks/ShootAOM.blk","time":"Fri Dec 12 22:12:57 PST 2025"},{"fileName":"/sdcard/FIRST/blocks/BottomAOM.js","time":"Sat Dec  6 14:43:40 PST 2025"},{"fileName":"/sdcard/FIRST/blocks/12b. Bottom to Up.js","time":"date: Can't stat /sdcard/FIRST/blocks/12b.: No such file or directory"},{"fileName":"/sdcard/FIRST/blocks/servo test.blk","time":"date: Can't stat /sdcard/FIRST/blocks/servo: No such file or directory"},{"fileName":"/sdcard/FIRST/blocks/12b.d25 Bottom to Up.blk","time":"date: Can't stat /sdcard/FIRST/blocks/12b.d25: No such file or directory"},{"fileName":"/sdcard/FIRST/blocks/TankDrive.blk","time":"Thu Dec 11 11:58:44 PST 2025"},{"fileName":"/sdcard/FIRST/blocks/BottomAOM.blk","time":"Fri Dec 12 22:12:58 PST 2025"},{"fileName":"/sdcard/FIRST/blocks/servo test.js","time":"date: Can't stat /sdcard/FIRST/blocks/servo: No such file or directory"},{"fileName":"/sdcard/FIRST/blocks/ShootAOM.js","time":"Sat Dec  6 15:45:09 PST 2025"},{"fileName":"/sdcard/FIRST/blocks/GameDrive.js","time":"Sat Dec 13 10:57:07 PST 2025"},{"fileName":"/sdcard/FIRST/blocks/1a. Bottom Left to Left.js","time":"date: Can't stat /sdcard/FIRST/blocks/1a.: No such file or directory"},{"fileName":"/sdcard/FIRST/blocks/1a. Bottom Left to Left.blk","time":"date: Can't stat /sdcard/FIRST/blocks/1a.: No such file or directory"},{"fileName":"/sdcard/FIRST/blocks/2a. Bottom Right to Right.js","time":"date: Can't stat /sdcard/FIRST/blocks/2a.: No such file or directory"},{"fileName":"/sdcard/FIRST/blocks/1a.d25 Bottom Left to Left.js","time":"date: Can't stat /sdcard/FIRST/blocks/1a.d25: No such file or directory"},{"fileName":"/sdcard/FIRST/blocks/TankDrive.js","time":"Sat Dec  6 16:44:16 PST 2025"},{"fileName":"/sdcard/FIRST/blocks/1a.d25 Bottom Left to Left.blk","time":"date: Can't stat /sdcard/FIRST/blocks/1a.d25: No such file or directory"},{"fileName":"/sdcard/FIRST/blocks/12b. Bottom to Up.blk","time":"date: Can't stat /sdcard/FIRST/blocks/12b.: No such file or directory"},{"fileName":"/sdcard/FIRST/blocks/2a.d25 Bottom Right to Right.blk","time":"date: Can't stat /sdcard/FIRST/blocks/2a.d25: No such file or directory"},{"fileName":"/sdcard/FIRST/blocks/3a. Top Right to Down.js","time":"date: Can't stat /sdcard/FIRST/blocks/3a.: No such file or directory"},{"fileName":"/sdcard/FIRST/blocks/4a.d25 Top Left to Down.blk","time":"date: Can't stat /sdcard/FIRST/blocks/4a.d25: No such file or directory"},{"fileName":"/sdcard/FIRST/blocks/12b.d25 Bottom to Up.js","time":"date: Can't stat /sdcard/FIRST/blocks/12b.d25: No such file or directory"},{"fileName":"/sdcard/FIRST/blocks/2a.d25 Bottom Right to Right.js","time":"date: Can't stat /sdcard/FIRST/blocks/2a.d25: No such file or directory"},{"fileName":"/sdcard/FIRST/blocks/2a. Bottom Right to Right.blk","time":"date: Can't stat /sdcard/FIRST/blocks/2a.: No such file or directory"},{"fileName":"/sdcard/FIRST/blocks/3a. Top Right to Down.blk","time":"date: Can't stat /sdcard/FIRST/blocks/3a.: No such file or directory"},{"fileName":"/sdcard/FIRST/blocks/4a.d25 Top Left to Down.js","time":"date: Can't stat /sdcard/FIRST/blocks/4a.d25: No such file or directory"},{"fileName":"/sdcard/FIRST/blocks/GameDrive.blk","time":"Sat Dec 13 10:57:07 PST 2025"},{"fileName":"/sdcard/FIRST/blocks/3a.d25 Top Right to Down.blk","time":"date: Can't stat /sdcard/FIRST/blocks/3a.d25: No such file or directory"},{"fileName":"/sdcard/FIRST/blocks/3a.d25 Top Right to Down.js","time":"date: Can't stat /sdcard/FIRST/blocks/3a.d25: No such file or directory"},{"fileName":"/sdcard/FIRST/blocks/4a. Top Left to Down.js","time":"date: Can't stat /sdcard/FIRST/blocks/4a.: No such file or directory"},{"fileName":"/sdcard/FIRST/blocks/4a. Top Left to Down.blk","time":"date: Can't stat /sdcard/FIRST/blocks/4a.: No such file or directory"},{"fileName":"/sdcard/FIRST/java/src/org/firstinspires/ftc/teamcode/PowerChanging.java","time":"Sat Dec  6 12:24:13 PST 2025"},{"fileName":"/sdcard/FIRST/blocks/3b. Top Right to Down + Score 3.js","time":"date: Can't stat /sdcard/FIRST/blocks/3b.: No such file or directory"},{"fileName":"/sdcard/FIRST/blocks/3b. Top Right to Down + Score 3.blk","time":"date: Can't stat /sdcard/FIRST/blocks/3b.: No such file or directory"},{"fileName":"/sdcard/FIRST/Drive.xml","time":"Thu Jan  1 14:55:07 PST 2026"}]}