{"backedUpFiles":["/sdcard/FIRST/blocks/test.blk","/sdcard/FIRST/blocks/test.js","/sdcard/FIRST/blocks/auto test.blk","/sdcard/FIRST/blocks/auto test.js","/sdcard/FIRST/blocks/bank test.blk","/sdcard/FIRST/blocks/bank test.js","/sdcard/FIRST/blocks/Camera April Tag Rec..js","/sdcard/FIRST/blocks/Camera April Tag Rec..blk","/sdcard/FIRST/blocks/Camera Pixel Rec..blk","/sdcard/FIRST/blocks/Camera Pixel Rec..js","/sdcard/FIRST/blocks/Automation.blk","/sdcard/FIRST/blocks/Automation.js","/sdcard/FIRST/java/src/org/firstinspires/ftc/teamcode/originalOmniWheelDrive.java","/sdcard/FIRST/java/src/org/firstinspires/ftc/teamcode/ClawTest.java","/sdcard/FIRST/java/src/org/firstinspires/ftc/teamcode/capCamera.java","/sdcard/FIRST/java/src/org/firstinspires/ftc/teamcode/ConceptAprilTag.java","/sdcard/FIRST/java/src/org/firstinspires/ftc/teamcode/ConceptAprilTagEasy.java","/sdcard/FIRST/java/src/org/firstinspires/ftc/teamcode/ConceptTensorFlowObjectDetectionEasy.java","/sdcard/FIRST/java/src/org/firstinspires/ftc/teamcode/ConceptTensorFlowObjectDetection.java","/sdcard/FIRST/java/src/org/firstinspires/ftc/teamcode/TelemetryDetect.java","/sdcard/FIRST/Camera.xml","/sdcard/FIRST/Omni4Wheel.xml"],"deviceName":"Control Hub 24409-RC","modifiedTimes":[{"fileName":"/sdcard/FIRST/blocks/auto test.js","time":"date: Can't stat /sdcard/FIRST/blocks/auto: No such file or directory"},{"fileName":"/sdcard/FIRST/blocks/test.blk","time":"Fri Oct 27 15:28:55 PDT 2023"},{"fileName":"/sdcard/FIRST/blocks/test.js","time":"Fri Oct 27 15:28:55 PDT 2023"},{"fileName":"/sdcard/FIRST/blocks/bank test.blk","time":"date: Can't stat /sdcard/FIRST/blocks/bank: No such file or directory"},{"fileName":"/sdcard/FIRST/blocks/auto test.blk","time":"date: Can't stat /sdcard/FIRST/blocks/auto: No such file or directory"},{"fileName":"/sdcard/FIRST/blocks/bank test.js","time":"date: Can't stat /sdcard/FIRST/blocks/bank: No such file or directory"},{"fileName":"/sdcard/FIRST/blocks/Camera April Tag Rec..blk","time":"date: Can't stat /sdcard/FIRST/blocks/Camera: No such file or directory"},{"fileName":"/sdcard/FIRST/blocks/Camera April Tag Rec..js","time":"date: Can't stat /sdcard/FIRST/blocks/Camera: No such file or directory"},{"fileName":"/sdcard/FIRST/blocks/Camera Pixel Rec..js","time":"date: Can't stat /sdcard/FIRST/blocks/Camera: No such file or directory"},{"fileName":"/sdcard/FIRST/blocks/Automation.blk","time":"Sat Dec  2 14:21:23 PST 2023"},{"fileName":"/sdcard/FIRST/blocks/Camera Pixel Rec..blk","time":"date: Can't stat /sdcard/FIRST/blocks/Camera: No such file or directory"},{"fileName":"/sdcard/FIRST/blocks/Automation.js","time":"Sat Dec  2 14:21:23 PST 2023"},{"fileName":"/sdcard/FIRST/java/src/org/firstinspires/ftc/teamcode/originalOmniWheelDrive.java","time":"Sun Dec 10 14:00:25 PST 2023"},{"fileName":"/sdcard/FIRST/java/src/org/firstinspires/ftc/teamcode/capCamera.java","time":"Sat Dec  9 19:12:11 PST 2023"},{"fileName":"/sdcard/FIRST/java/src/org/firstinspires/ftc/teamcode/ClawTest.java","time":"Sat Dec  9 22:46:54 PST 2023"},{"fileName":"/sdcard/FIRST/java/src/org/firstinspires/ftc/teamcode/ConceptAprilTag.java","time":"Sat Dec  9 22:45:18 PST 2023"},{"fileName":"/sdcard/FIRST/java/src/org/firstinspires/ftc/teamcode/ConceptTensorFlowObjectDetectionEasy.java","time":"Sun Dec 10 09:23:23 PST 2023"},{"fileName":"/sdcard/FIRST/java/src/org/firstinspires/ftc/teamcode/TelemetryDetect.java","time":"Sun Dec 10 10:12:55 PST 2023"},{"fileName":"/sdcard/FIRST/java/src/org/firstinspires/ftc/teamcode/ConceptAprilTagEasy.java","time":"Sat Dec  9 22:46:57 PST 2023"},{"fileName":"/sdcard/FIRST/java/src/org/firstinspires/ftc/teamcode/ConceptTensorFlowObjectDetection.java","time":"Sat Dec  9 22:45:13 PST 2023"},{"fileName":"/sdcard/FIRST/Omni4Wheel.xml","time":"Sun Dec 10 09:16:25 PST 2023"},{"fileName":"/sdcard/FIRST/Camera.xml","time":"Fri Dec  1 16:23:04 PST 2023"}]}