<?xml version='1.0' encoding='UTF-8' standalone='yes' ?>
<Robot type="FirstInspires-FTC">
    <LynxUsbDevice name="Control Hub Portal" serialNumber="(embedded)" parentModuleAddress="173">
        <LynxModule name="Control Hub" port="173">
            <RevRoboticsUltraplanetaryHDHexMotor name="leftBackDrive" port="0" />
            <RevRoboticsUltraplanetaryHDHexMotor name="rightBackDrive" port="1" />
            <RevRoboticsCoreHexMotor name="extend" port="2" />
            <RevRoboticsCoreHexMotor name="succ" port="3" />
            <Servo name="dump" port="0" />
            <Servo name="arm1" port="1" />
            <Servo name="arm2" port="2" />
            <ModernRoboticsAnalogTouchSensor name="test an" port="0" />
            <RevTouchSensor name="test dig" port="0" />
            <HuskyLens name="Camera" port="0" bus="0" />
        </LynxModule>
    </LynxUsbDevice>
    <Webcam name="Webcam 1" serialNumber="49AE6480" />
</Robot>
